Title,Link,Date_Posted,Scraped_At
Samsara: Staff Software Engineer,https://weworkremotely.com/remote-jobs/samsara-staff-software-engineer,"Mon, 17 Aug 2026 13:57:14 +0000",2026-10-01
Sticker Mule: AI agent engineer,https://weworkremotely.com/remote-jobs/sticker-mule-ai-agent-engineer,"Wed, 16 Sep 2026 12:24:17 +0000",2026-10-01
AccuLynx: Senior Software Engineer ,https://weworkremotely.com/remote-jobs/acculynx-senior-software-engineer,"Tue, 15 Sep 2026 14:12:47 +0000",2026-10-01
Toptal: Senior Data Engineer – AWS Data Lake & Pipeline Architecture ,https://weworkremotely.com/remote-jobs/toptal-senior-data-engineer-aws-data-lake-pipeline-architecture,"Tue, 15 Sep 2026 12:53:09 +0000",2026-10-01
Proxify AB: Senior Backend Developer (Node.js / Nest.js),https://weworkremotely.com/remote-jobs/proxify-ab-senior-backend-developer-node-js-nest-js-3,"Tue, 15 Sep 2026 09:06:31 +0000",2026-10-01
Proxify AB: Senior Backend Developer (Python),https://weworkremotely.com/remote-jobs/proxify-ab-senior-backend-developer-python-10,"Tue, 15 Sep 2026 09:01:36 +0000",2026-10-01
Proxify AB: Senior Fullstack Developer (React.js / Node.js),https://weworkremotely.com/remote-jobs/proxify-ab-senior-fullstack-developer-react-js-node-js-4,"Tue, 15 Sep 2026 08:51:45 +0000",2026-10-01
"Reddit: Backend Engineer, IAM",https://weworkremotely.com/remote-jobs/reddit-backend-engineer-iam,"Mon, 14 Sep 2026 07:31:07 +0000",2026-10-01
"Pinterest: Data Scientist II, Infrastructure",https://weworkremotely.com/remote-jobs/pinterest-data-scientist-ii-infrastructure,"Sun, 13 Sep 2026 07:31:06 +0000",2026-10-01
Sticker Mule: Software engineer,https://weworkremotely.com/remote-jobs/sticker-mule-software-engineer-3,"Thu, 14 May 2026 09:14:28 +0000",2026-10-01
Fin: Solutions Architect -Spanish Speaking,https://weworkremotely.com/remote-jobs/fin-solutions-architect-spanish-speaking,"Fri, 11 Sep 2026 07:30:48 +0000",2026-10-01
Toptal: Power Platform Solutions Architect,https://weworkremotely.com/remote-jobs/toptal-power-platform-solutions-architect,"Thu, 10 Sep 2026 21:30:33 +0000",2026-10-01
Salesloft: Commercial Account Manager,https://weworkremotely.com/remote-jobs/salesloft-commercial-account-manager,"Wed, 09 Sep 2026 07:30:41 +0000",2026-10-01
Lemon.io: Senior .NET Full-stack Developer,https://weworkremotely.com/remote-jobs/lemon-io-senior-net-full-stack-developer-1,"Tue, 08 Sep 2026 13:49:13 +0000",2026-10-01
Wonderdog: Full-Stack Product Engineer - Agentic First,https://weworkremotely.com/remote-jobs/wonderdog-full-stack-product-engineer-agentic-first,"Thu, 09 Jul 2026 17:03:38 +0000",2026-10-01
Lemon.io: Senior Java & React Developer,https://weworkremotely.com/remote-jobs/lemon-io-senior-java-react-developer,"Mon, 07 Sep 2026 14:09:46 +0000",2026-10-01
Legion: Chief Architect,https://weworkremotely.com/remote-jobs/legion-chief-architect,"Mon, 07 Sep 2026 07:30:47 +0000",2026-10-01
"Track it Forward: Lead Developer — Rebuild, Modernize, & Scale (Social Good SaaS, Remote)",https://weworkremotely.com/remote-jobs/track-it-forward-lead-developer-rebuild-modernize-scale-social-good-saas-remote,"Fri, 04 Sep 2026 20:38:22 +0000",2026-10-01
A.Team: Senior Independent AI Engineer / Architect,https://weworkremotely.com/remote-jobs/a-team-senior-independent-ai-engineer-architect,"Sun, 16 Jun 2024 18:08:52 +0000",2026-10-01
A.Team: Senior Independent Software Developer ($90-$170/hr),https://weworkremotely.com/remote-jobs/a-team-senior-independent-software-developer-90-170-hr,"Sun, 16 Jun 2024 17:30:51 +0000",2026-10-01
Lemon.io: Senior React Native Developer,https://weworkremotely.com/remote-jobs/lemon-io-senior-react-native-developer-1,"Fri, 04 Sep 2026 15:56:51 +0000",2026-10-01
Fin: Senior Solutions Engineer- LATAM,https://weworkremotely.com/remote-jobs/fin-senior-solutions-engineer-latam,"Fri, 04 Sep 2026 07:30:56 +0000",2026-10-01
"Prove: Director, Channel & Partnerships",https://weworkremotely.com/remote-jobs/prove-director-channel-partnerships,"Fri, 04 Sep 2026 07:30:53 +0000",2026-10-01
Yooli: FULL TIME: Software Engineer Position - React and Rest,https://weworkremotely.com/remote-jobs/yooli-full-time-software-engineer-position-react-and-rest-1,"Wed, 05 Aug 2026 05:52:46 +0000",2026-10-01
Princeton University: Senior PeopleSoft Developer/Analyst II,https://weworkremotely.com/remote-jobs/princeton-university-senior-peoplesoft-developer-analyst-ii,"Thu, 03 Sep 2026 13:24:14 +0000",2026-10-01
